record_id,partition
1,test
2,fit
3,fit
4,fit
5,fit
6,test
7,test
8,test
9,validation
10,validation
11,fit
12,validation
13,fit
14,validation
15,fit
16,fit
17,fit
18,fit
19,fit
20,fit
21,fit
22,fit
23,test
24,fit
25,fit
26,test
27,fit
28,fit
29,fit
30,fit
31,fit
32,fit
33,validation
34,test
35,fit
36,fit
37,validation
38,fit
39,fit
40,validation
41,fit
42,fit
43,fit
44,fit
45,validation
46,test
47,test
48,fit
49,test
50,fit
51,fit
52,test
53,validation
54,test
55,fit
56,test
57,fit
58,fit
59,validation
60,fit
61,fit
62,validation
63,test
64,fit
65,test
66,validation
67,fit
68,test
69,test
70,fit
71,fit
72,fit
73,fit
74,fit
75,fit
76,test
77,fit
78,validation
79,test
80,fit
81,fit
82,fit
83,validation
84,fit
85,validation
86,fit
87,fit
88,test
89,fit
90,test
91,fit
92,fit
93,fit
94,validation
95,validation
96,fit
97,validation
98,fit
99,fit
100,validation
101,fit
102,validation
103,fit
104,fit
105,test
106,test
107,fit
108,fit
109,fit
110,validation
111,fit
112,fit
113,fit
114,validation
115,validation
116,validation
117,test
118,fit
119,test
120,validation
121,fit
122,test
123,fit
124,fit
125,validation
126,fit
127,fit
128,validation
129,fit
130,test
131,fit
132,fit
133,validation
134,fit
135,fit
136,fit
137,test
138,validation
139,fit
140,fit
141,fit
142,fit
143,fit
144,fit
145,fit
146,fit
147,validation
148,fit
149,fit
150,fit
151,fit
152,fit
153,test
154,fit
155,fit
156,validation
157,test
158,fit
159,validation
160,fit
161,validation
162,fit
163,fit
164,fit
165,test
166,fit
167,fit
168,fit
169,test
170,fit
171,fit
172,fit
173,test
174,validation
175,fit
176,test
177,validation
178,test
179,fit
180,fit
181,test
182,fit
183,fit
184,test
185,fit
186,fit
187,fit
188,fit
189,fit
190,test
191,fit
192,fit
193,fit
194,fit
195,validation
196,fit
197,test
198,fit
199,test
200,fit
201,fit
202,fit
203,fit
204,fit
205,fit
206,fit
207,validation
208,fit
209,fit
210,fit
211,fit
212,fit
213,fit
214,fit
215,fit
216,test
217,test
218,validation
219,fit
220,fit
221,validation
222,fit
223,fit
224,fit
225,fit
226,fit
227,fit
228,fit
229,test
230,fit
231,fit
232,test
233,fit
234,test
235,test
236,test
237,fit
238,test
239,fit
240,fit
241,fit
242,validation
243,test
244,test
245,fit
246,fit
247,fit
248,fit
249,fit
250,validation
251,fit
252,test
253,test
254,test
255,fit
256,validation
257,validation
258,fit
259,fit
260,fit
261,fit
262,fit
263,test
264,fit
265,fit
266,test
267,fit
268,test
269,validation
270,fit
271,test
272,fit
273,fit
274,validation
275,fit
276,fit
277,fit
278,fit
279,fit
280,fit
281,fit
282,fit
283,fit
284,fit
285,fit
286,fit
287,fit
288,test
289,fit
290,validation
291,validation
292,fit
293,fit
294,fit
295,fit
296,fit
297,validation
298,test
299,test
300,fit
