record_id,visits,recency,engagement,spend,group,response
1,53.96,43.84,54.57,58.93,G2,1
2,,49.75,52.97,63.64,G2,1
3,35.39,66.52,44.98,47.33,G2,0
4,45.01,42.8,47.62,54.48,G1,1
5,53.84,53.72,48.33,58.3,G2,1
6,39.37,,52.6,57.58,G1,0
7,61.43,27.88,48.64,47.6,G1,1
8,,30.53,59.06,60.53,G1,0
9,55.95,51.53,45.87,51.03,G1,0
10,50.3,18.9,57.69,61.16,G2,1
11,47.4,49.61,74.39,39.62,G1,1
12,42.1,49.35,50.03,53.87,G2,1
13,52.12,61.28,48.69,43.72,G2,0
14,63.26,54.53,42.3,58.53,G2,1
15,55.36,53.97,41.43,44.01,G2,0
16,47.16,63.48,28.32,57.56,G1,0
17,57.36,67.37,47.22,42.23,G2,0
18,38.36,46.6,58.82,37.34,G1,1
19,57.1,51.49,61.65,53.0,G1,1
20,52.71,44.79,44.38,49.76,G1,0
21,41.71,61.39,46.62,48.15,G2,0
22,49.27,67.08,61.11,69.47,G1,1
23,50.3,50.56,58.82,50.35,G2,1
24,65.38,53.28,42.42,43.02,G2,0
25,32.98,40.6,51.72,42.08,G1,1
26,,43.61,51.3,45.22,G1,1
27,48.32,58.04,46.5,39.76,G1,0
28,61.73,57.43,67.05,48.13,G2,1
29,51.41,52.51,54.44,55.26,G2,1
30,50.07,74.47,60.23,47.06,G2,0
31,38.41,51.45,50.13,37.64,G1,0
32,66.74,64.87,55.31,50.4,G1,1
33,70.42,34.82,34.56,38.52,G1,1
34,37.87,40.38,38.05,42.93,G1,0
35,43.11,32.59,51.84,56.15,G2,1
36,49.25,53.13,54.8,59.23,G2,1
37,46.75,46.61,37.17,42.27,G1,0
38,73.03,56.47,47.03,59.94,G2,1
39,42.16,47.17,75.4,41.11,G1,0
40,49.36,49.53,49.01,40.14,G2,0
41,62.31,41.11,52.38,53.17,G2,1
42,42.22,49.61,27.82,49.4,G1,0
43,31.97,45.27,43.84,64.01,G2,1
44,48.09,56.87,58.54,50.58,G1,1
45,45.71,49.74,40.15,63.39,G2,0
46,38.19,60.16,35.33,48.93,G1,0
47,45.61,48.68,49.43,30.41,G1,0
48,63.18,60.94,33.51,48.72,G2,0
49,51.09,57.74,44.12,36.11,G1,0
50,57.14,52.07,60.83,53.11,G1,1
51,,54.16,38.31,62.98,G2,0
52,55.82,55.92,58.77,43.89,G1,1
53,46.83,64.16,57.73,44.84,G2,0
54,56.88,36.87,38.85,77.78,G2,1
55,45.7,51.64,40.57,34.82,G2,0
56,48.34,44.45,65.16,44.23,G2,1
57,63.93,32.88,40.54,34.97,G1,1
58,31.36,55.2,33.25,59.6,G2,0
59,,47.77,81.99,63.33,G1,1
60,60.8,56.01,39.1,39.45,G1,0
61,59.11,59.84,79.33,39.37,G2,1
62,56.51,40.39,37.48,57.38,G2,1
63,47.05,,37.99,42.75,G1,0
64,74.48,79.29,60.63,38.32,G2,1
65,42.62,31.49,54.38,45.32,G2,1
66,43.3,56.78,41.97,46.69,G1,0
67,37.36,41.06,36.57,45.53,G2,0
68,41.88,50.36,50.65,43.64,G1,1
69,63.42,47.38,51.57,35.33,G1,1
70,65.32,38.06,50.32,47.89,G2,1
71,37.49,55.43,51.5,49.17,G2,0
72,,54.69,51.5,50.28,G2,0
73,20.32,,63.8,52.1,G2,1
74,49.83,38.48,48.9,49.06,G2,1
75,49.61,49.65,45.89,42.63,G2,1
76,31.12,40.58,56.11,46.6,G1,1
77,41.51,56.98,53.87,50.64,G1,1
78,57.65,55.39,56.09,51.89,G1,1
79,40.64,37.94,33.11,46.41,G2,1
80,34.98,,44.84,60.05,G2,0
81,54.06,55.91,54.64,42.33,G2,1
82,56.59,38.24,53.46,48.52,G1,1
83,43.06,48.39,65.22,53.55,G1,1
84,21.84,46.43,55.61,57.77,G1,0
85,51.17,53.46,41.49,51.93,G2,1
86,63.44,35.95,51.34,61.95,G1,1
87,35.29,62.34,46.51,41.89,G1,0
88,35.47,42.7,48.33,40.45,G1,0
89,,49.61,42.98,53.87,G1,1
90,52.83,51.16,65.03,50.18,G2,1
91,43.68,,44.74,58.76,G2,1
92,43.48,52.24,42.98,53.35,G2,1
93,50.3,40.52,73.74,40.3,G1,1
94,46.13,50.75,54.98,29.34,G2,0
95,42.32,57.29,50.27,5.07,G1,0
96,49.0,57.94,67.77,66.52,G1,1
97,53.23,,48.26,63.95,G1,0
98,64.83,47.18,60.38,51.72,G2,1
99,52.2,54.56,52.92,54.56,G2,1
100,53.49,42.8,53.71,42.15,G2,1
101,37.65,72.6,55.99,64.52,G2,0
102,61.47,52.26,39.74,47.3,G1,0
103,35.58,44.95,54.67,48.89,G1,1
104,50.53,42.33,53.75,34.7,G2,1
105,54.62,47.26,54.59,56.31,G1,1
106,44.3,45.43,55.34,60.1,G1,1
107,46.79,58.78,41.37,45.91,G1,0
108,57.12,52.25,42.51,51.47,G1,0
109,49.24,54.35,45.94,48.61,G2,0
110,40.62,48.08,41.65,43.24,G2,0
111,49.41,44.58,49.4,45.03,G2,0
112,54.76,48.52,48.72,55.49,G2,0
113,42.67,36.36,52.75,61.72,G2,1
114,59.75,34.99,54.45,40.05,G2,1
115,41.51,,31.59,56.24,G2,0
116,49.4,58.23,41.88,65.21,G1,0
117,59.58,42.7,40.36,45.12,G2,1
118,41.39,32.33,59.33,54.7,G2,1
119,36.45,81.17,48.07,36.78,G1,0
120,68.08,60.2,49.48,57.16,G2,1
121,56.6,45.03,58.47,59.15,G2,1
122,47.63,62.97,49.81,28.04,G2,0
123,48.59,49.0,48.49,33.13,G2,0
124,46.48,46.51,50.86,62.65,G1,1
125,22.8,52.57,35.5,63.54,G1,0
126,43.63,62.64,49.89,41.95,G2,0
127,30.37,52.58,69.01,65.34,G1,0
128,52.77,58.47,23.13,41.42,G1,0
129,34.55,52.22,45.75,31.29,G1,0
130,44.24,62.89,67.32,56.91,G2,1
131,40.41,39.41,43.23,71.53,G2,1
132,,52.07,51.65,37.73,G1,0
133,44.88,48.87,41.28,41.12,G2,1
134,59.58,36.9,59.49,61.49,G1,1
135,60.04,48.73,42.97,57.17,G2,1
136,65.48,51.02,73.47,60.12,G1,1
137,48.26,41.93,33.36,47.0,G1,0
138,54.79,42.97,59.23,53.84,G1,1
139,46.1,46.07,46.03,44.09,G2,1
140,61.14,48.83,55.23,58.58,G2,1
141,33.37,36.98,56.53,28.22,G2,0
142,45.84,45.83,24.44,46.18,G2,0
143,,47.4,55.01,62.07,G2,1
144,63.52,34.56,56.34,45.29,G2,1
145,56.9,62.38,55.67,67.21,G2,0
146,67.1,57.4,38.26,54.67,G2,1
147,55.33,36.71,74.38,35.41,G1,1
148,,65.67,34.39,42.02,G1,0
149,36.69,47.76,46.58,60.04,G1,0
150,63.12,48.29,54.26,53.76,G2,1
151,39.78,42.32,46.17,59.27,G1,1
152,45.44,58.91,50.53,55.36,G1,0
153,61.91,64.87,58.58,56.3,G2,1
154,35.8,44.17,46.25,33.75,G2,1
155,55.33,57.93,54.98,30.57,G1,1
156,56.32,49.65,67.33,41.47,G1,1
157,34.87,55.51,45.62,60.28,G2,1
158,44.18,43.03,35.74,44.01,G1,0
159,43.13,52.93,33.64,37.46,G1,0
160,34.03,32.82,48.37,48.34,G2,1
161,54.32,37.33,46.05,62.48,G2,1
162,52.67,46.22,40.97,56.89,G1,1
163,45.08,60.1,56.44,66.12,G1,1
164,53.19,41.66,55.22,48.22,G2,1
165,37.2,45.29,49.48,63.49,G2,1
166,63.08,61.33,69.44,59.99,G1,1
167,38.98,60.9,36.87,51.6,G1,0
168,44.09,66.48,49.06,53.57,G1,0
169,53.68,61.5,35.04,42.03,G1,0
170,57.34,45.11,29.51,72.78,G1,1
171,24.79,45.94,61.19,50.73,G1,0
172,32.16,49.02,40.99,45.15,G1,0
173,47.31,56.33,41.55,33.17,G1,0
174,43.59,58.42,57.37,43.12,G2,0
175,55.1,55.86,54.98,41.57,G2,0
176,54.6,48.24,48.05,55.31,G1,1
177,49.06,53.99,54.21,45.36,G2,1
178,43.53,49.65,70.26,61.57,G1,1
179,56.66,51.21,57.35,46.72,G2,1
180,57.26,48.64,53.68,40.19,G1,0
181,54.21,55.44,57.07,36.49,G2,1
182,37.76,69.04,62.69,50.61,G1,0
183,42.22,40.18,36.02,47.92,G2,0
184,51.08,35.46,54.53,30.16,G1,1
185,49.91,46.33,61.8,57.07,G1,1
186,45.53,48.13,59.85,64.11,G2,0
187,43.44,61.89,61.15,57.45,G1,1
188,39.93,40.67,55.1,61.55,G1,1
189,40.97,56.29,33.68,53.93,G2,0
190,36.68,54.89,57.83,59.01,G1,0
191,,59.31,64.76,38.17,G1,1
192,46.74,53.19,48.52,25.85,G2,0
193,42.56,30.65,72.56,51.83,G2,1
194,34.66,43.38,41.86,37.56,G1,0
195,62.71,42.51,46.51,57.74,G2,1
196,54.45,77.51,45.84,57.2,G1,0
197,54.21,56.71,52.61,54.06,G2,0
198,48.82,38.35,65.09,57.99,G1,1
199,25.63,53.03,45.27,51.17,G2,0
200,51.41,46.55,51.47,49.39,G1,1
201,49.65,62.09,28.74,45.89,G1,0
202,61.35,40.73,52.36,37.07,G2,1
203,57.75,30.8,46.47,47.19,G2,1
204,49.4,31.83,45.81,51.37,G2,1
205,47.36,59.09,60.01,57.45,G1,1
206,53.13,38.59,48.88,62.22,G2,1
207,49.49,,66.37,57.29,G2,1
208,50.34,40.87,50.61,49.02,G1,1
209,50.71,46.4,58.95,49.34,G1,1
210,55.31,46.48,36.45,59.76,G1,0
211,49.08,45.09,56.65,63.62,G2,1
212,,43.75,67.86,53.18,G2,1
213,51.49,50.89,42.36,55.37,G2,0
214,43.28,53.09,43.72,59.36,G2,0
215,50.95,38.8,39.82,35.8,G2,1
216,33.26,53.76,57.26,53.67,G1,1
217,48.96,,49.65,41.94,G1,0
218,34.38,63.8,47.94,51.56,G2,0
219,57.63,,54.15,44.25,G1,1
220,50.1,,58.41,50.73,G2,1
221,54.18,66.21,65.47,49.26,G2,1
222,42.17,46.79,41.83,27.28,G2,0
223,53.26,52.25,59.49,31.1,G1,1
224,54.0,42.07,37.83,37.47,G2,0
225,50.94,53.11,50.41,37.38,G1,0
226,54.24,50.6,66.48,45.25,G2,1
227,60.44,47.56,51.54,48.01,G1,0
228,43.74,62.04,60.14,50.66,G1,0
229,33.48,43.12,43.89,30.97,G1,0
230,,46.39,28.42,61.1,G2,0
231,71.34,56.38,42.21,49.5,G1,0
232,56.96,48.07,37.83,60.61,G1,0
233,45.25,43.84,51.24,56.86,G1,1
234,49.44,43.69,65.97,50.33,G2,1
235,45.86,60.49,46.02,39.99,G2,0
236,47.76,34.52,68.45,56.63,G1,1
237,63.6,35.88,48.98,51.25,G1,1
238,46.11,53.88,49.3,58.21,G1,1
239,42.17,45.47,54.72,38.27,G1,0
240,55.99,55.33,45.31,70.74,G1,0
241,45.55,44.89,55.69,49.1,G2,1
242,75.81,28.19,51.28,50.23,G2,1
243,37.82,,56.55,48.5,G1,0
244,40.63,62.63,80.81,28.94,G2,1
245,65.97,,48.97,46.75,G1,1
246,58.13,55.31,42.81,45.84,G2,0
247,56.23,68.94,68.84,66.35,G2,1
248,40.13,39.88,61.88,56.31,G2,1
249,57.35,54.11,53.43,39.28,G2,1
250,49.0,50.01,53.45,50.84,G1,0
251,39.84,53.73,36.01,29.39,G2,0
252,40.07,,60.28,41.98,G2,1
253,,44.3,47.55,54.3,G1,1
254,52.46,27.06,66.58,79.71,G2,1
255,65.27,46.59,41.62,67.02,G1,0
256,63.13,65.06,61.28,54.59,G2,1
257,57.53,44.14,55.76,40.15,G1,1
258,52.01,38.97,57.02,50.98,G2,1
259,58.75,55.09,54.39,46.7,G1,1
260,51.58,34.79,52.85,60.34,G1,1
261,60.67,54.46,47.81,60.09,G2,1
262,42.08,55.62,39.72,41.95,G2,0
263,57.93,53.44,52.55,43.62,G1,1
264,58.16,64.03,45.48,47.88,G2,0
265,75.09,43.27,43.74,57.19,G1,1
266,37.16,53.16,36.86,55.13,G1,0
267,40.0,38.36,46.13,57.49,G2,0
268,54.17,51.54,39.69,36.06,G2,0
269,54.26,43.2,52.88,44.34,G2,1
270,34.91,53.44,64.02,53.4,G2,0
271,48.19,46.11,58.04,50.66,G1,1
272,55.37,51.23,55.19,44.39,G2,1
273,48.57,46.47,45.84,55.27,G1,0
274,59.07,60.72,44.62,33.83,G1,0
275,46.06,54.74,43.02,72.48,G1,1
276,45.11,59.68,57.97,55.83,G2,0
277,36.56,47.37,63.42,56.26,G2,1
278,49.71,52.24,52.21,44.22,G1,1
279,41.75,52.84,77.82,39.0,G2,1
280,54.0,42.03,59.51,56.07,G2,1
281,60.25,69.71,61.8,43.21,G1,0
282,53.09,41.89,49.6,46.38,G2,1
283,49.94,42.83,54.45,41.7,G2,1
284,35.13,55.93,52.8,60.31,G2,1
285,,58.59,58.41,54.38,G2,1
286,42.94,66.85,39.28,49.99,G2,0
287,44.66,,53.41,49.48,G1,1
288,46.18,52.46,61.99,54.31,G1,0
289,41.41,43.9,48.08,42.13,G2,0
290,64.73,38.56,43.73,58.19,G2,1
291,43.96,40.2,56.95,45.74,G2,1
292,50.38,33.04,52.31,43.92,G1,1
293,56.81,53.91,43.98,38.83,G2,0
294,51.21,54.76,36.53,56.08,G2,1
295,45.54,55.01,56.15,70.29,G2,1
296,48.18,56.99,31.39,55.96,G2,0
297,51.94,55.88,63.67,53.75,G1,1
298,52.17,41.03,58.01,46.26,G1,1
299,61.67,46.5,23.98,42.44,G2,0
300,70.07,46.31,74.03,55.45,G2,1
1,53.96,43.84,54.57,58.93,G2,1
2,,49.75,52.97,63.64,G2,1
3,35.39,66.52,44.98,47.33,G2,0
4,45.01,42.8,47.62,54.48,G1,1
5,53.84,53.72,48.33,58.3,G2,1
